{"stats":{"minecraft:broken":{"minecraft:wooden_axe":1},"minecraft:picked_up":{"minecraft:crafting_table":2,"minecraft:smithing_table":1,"minecraft:oak_stairs":1,"minecraft:string":2,"minecraft:iron_axe":1,"minecraft:item_frame":1,"minecraft:experience_bottle":3,"minecraft:cracked_stone_bricks":1,"minecraft:candle":2,"minecraft:cobbled_deepslate":114,"minecraft:beef":7,"minecraft:iron_pickaxe":1,"minecraft:chest":6,"minecraft:furnace":3,"minecraft:egg":1,"minecraft:dark_oak_sapling":5,"minecraft:stick":4,"minecraft:raw_iron":11,"minecraft:diorite":1,"minecraft:dark_oak_planks":19,"minecraft:arrow":1,"minecraft:mutton":6,"minecraft:white_wool":4,"minecraft:cobblestone":74,"minecraft:glow_ink_sac":3,"minecraft:leather":2,"minecraft:tuff":3,"minecraft:oak_log":17,"minecraft:dirt":11,"minecraft:red_carpet":2,"minecraft:bone":2,"minecraft:stone_bricks":1,"minecraft:bow":1,"minecraft:wheat_seeds":3,"minecraft:iron_ingot":3,"minecraft:mossy_stone_bricks":2,"minecraft:moss_block":4,"minecraft:iron_sword":1,"minecraft:pumpkin":1,"minecraft:spruce_log":2,"minecraft:cyan_bed":2,"minecraft:dark_oak_log":35,"minecraft:spider_eye":1,"minecraft:mossy_cobblestone":4,"minecraft:diamond":5,"minecraft:granite":1,"minecraft:gray_wool":1,"minecraft:emerald":1,"minecraft:oak_sapling":1,"minecraft:damaged_anvil":1,"minecraft:coal":14},"minecraft:custom":{"minecraft:interact_with_smithing_table":1,"minecraft:interact_with_anvil":1,"minecraft:mob_kills":19,"minecraft:interact_with_crafting_table":13,"minecraft:open_barrel":7,"minecraft:bell_ring":2,"minecraft:leave_game":3,"minecraft:time_since_death":10845,"minecraft:climb_one_cm":3019,"minecraft:sprint_one_cm":269046,"minecraft:walk_one_cm":153966,"minecraft:damage_blocked_by_shield":80,"minecraft:drop":9,"minecraft:talked_to_villager":1,"minecraft:play_time":74232,"minecraft:deaths":5,"minecraft:sneak_time":9954,"minecraft:walk_under_water_one_cm":15845,"minecraft:jump":1715,"minecraft:walk_on_water_one_cm":23813,"minecraft:total_world_time":74232,"minecraft:interact_with_furnace":13,"minecraft:interact_with_stonecutter":1,"minecraft:sleep_in_bed":1,"minecraft:time_since_rest":10971,"minecraft:damage_taken":2405,"minecraft:damage_dealt":3009,"minecraft:fly_one_cm":262146,"minecraft:swim_one_cm":4971,"minecraft:player_kills":1,"minecraft:open_chest":31,"minecraft:crouch_one_cm":24741,"minecraft:interact_with_smoker":2,"minecraft:fall_one_cm":52325},"minecraft:mined":{"minecraft:dark_oak_planks":13,"minecraft:tuff":3,"minecraft:mossy_cobblestone":4,"minecraft:candle":1,"minecraft:deepslate_diamond_ore":5,"minecraft:dark_oak_log":59,"minecraft:grass_block":1,"minecraft:spruce_leaves":1,"minecraft:moss_block":6,"minecraft:spawner":1,"minecraft:hay_block":5,"minecraft:furnace":2,"minecraft:iron_ore":12,"minecraft:pumpkin":1,"minecraft:oak_stairs":1,"minecraft:stone":79,"minecraft:smithing_table":1,"minecraft:acacia_leaves":1,"minecraft:glass_pane":2,"minecraft:powder_snow":10,"minecraft:crafting_table":2,"minecraft:chest":4,"minecraft:sculk_sensor":1,"minecraft:cobblestone":1,"minecraft:tall_grass":1,"minecraft:cyan_bed":2,"minecraft:damaged_anvil":1,"minecraft:sculk":1,"minecraft:diorite":1,"minecraft:spruce_log":2,"minecraft:birch_leaves":2,"minecraft:grass":2,"minecraft:coal_ore":8,"minecraft:oak_log":15,"minecraft:dirt":12,"minecraft:cracked_stone_bricks":1,"minecraft:stone_bricks":1,"minecraft:mossy_stone_bricks":2,"minecraft:deepslate":116},"minecraft:used":{"minecraft:chest":7,"minecraft:shield":3,"minecraft:iron_sword":21,"minecraft:iron_chestplate":1,"minecraft:dirt":4,"minecraft:mutton":6,"minecraft:granite":1,"minecraft:wooden_axe":79,"minecraft:dark_oak_planks":56,"minecraft:iron_axe":16,"minecraft:oak_stairs":1,"minecraft:iron_helmet":1,"minecraft:iron_boots":1,"minecraft:stone_bricks":1,"minecraft:red_carpet":2,"minecraft:beef":3,"minecraft:furnace":2,"minecraft:egg":1,"minecraft:cooked_beef":4,"minecraft:cobbled_deepslate":2,"minecraft:iron_leggings":1,"minecraft:mossy_stone_bricks":2,"minecraft:water_bucket":12,"minecraft:stone_pickaxe":81,"minecraft:wooden_pickaxe":6,"minecraft:cracked_stone_bricks":1,"minecraft:white_wool":1,"minecraft:mossy_cobblestone":4,"minecraft:crafting_table":6,"minecraft:crossbow":4,"minecraft:apple":5,"minecraft:cyan_bed":1,"minecraft:bread":14,"minecraft:iron_pickaxe":163,"minecraft:stone_axe":43,"minecraft:cobblestone":18,"minecraft:bucket":13},"minecraft:killed":{"minecraft:vindicator":3,"minecraft:spider":2,"minecraft:skeleton":2,"minecraft:zombie_villager":1,"minecraft:sheep":4,"minecraft:zombie":2,"minecraft:player":1,"minecraft:cow":3},"minecraft:dropped":{"minecraft:wheat_seeds":3,"minecraft:diorite":1,"minecraft:wooden_axe":1,"minecraft:dark_oak_planks":1,"minecraft:furnace":1,"minecraft:chest":1,"minecraft:wooden_pickaxe":1},"minecraft:killed_by":{"bosses_of_mass_destruction:void_blossom":1,"minecraft:vindicator":2,"minecraft:skeleton":1},"minecraft:crafted":{"minecraft:oak_planks":12,"minecraft:furnace":1,"minecraft:iron_axe":1,"minecraft:stone_pickaxe":1,"minecraft:chest":2,"minecraft:dark_oak_planks":140,"minecraft:cooked_beef":4,"minecraft:crafting_table":4,"minecraft:spruce_planks":8,"minecraft:wooden_pickaxe":1,"minecraft:bucket":1,"minecraft:stone_axe":1,"minecraft:air":0,"minecraft:shield":1,"minecraft:stick":12,"minecraft:iron_pickaxe":1,"minecraft:iron_ingot":11,"minecraft:wooden_axe":3}},"DataVersion":3465}