{"stats":{"minecraft:custom":{"minecraft:interact_with_furnace":4,"minecraft:interact_with_crafting_table":5,"minecraft:open_barrel":1,"minecraft:eat_cake_slice":7,"minecraft:interact_with_stonecutter":2,"minecraft:leave_game":2,"minecraft:time_since_death":27979,"minecraft:sleep_in_bed":2,"minecraft:climb_one_cm":5054,"minecraft:time_since_rest":6211,"minecraft:sprint_one_cm":104003,"minecraft:damage_taken":120,"minecraft:walk_one_cm":106908,"minecraft:drop":6,"minecraft:damage_dealt":0,"minecraft:talked_to_villager":2,"minecraft:swim_one_cm":7816,"minecraft:fly_one_cm":107329,"minecraft:open_chest":34,"minecraft:crouch_one_cm":3358,"minecraft:play_time":27979,"minecraft:sneak_time":821,"minecraft:walk_under_water_one_cm":5286,"minecraft:jump":606,"minecraft:walk_on_water_one_cm":2187,"minecraft:total_world_time":27979,"minecraft:fall_one_cm":18140},"minecraft:picked_up":{"farmersdelight:rich_soil":2,"minecraft:iron_chestplate":12,"minecraft:leather":2,"minecraft:oak_log":2,"minecraft:string":26,"minecraft:dirt":1,"minecraft:lantern":1,"minecraft:iron_leggings":12,"minecraft:cooked_mutton":1,"minecraft:armor_stand":14,"minecraft:item_frame":3,"minecraft:bow":1,"minecraft:smooth_stone":7,"minecraft:comparator":1,"minecraft:iron_ingot":1,"minecraft:piston":1,"minecraft:iron_boots":12,"minecraft:beehive":1,"minecraft:dark_oak_planks":1,"minecraft:tnt":1,"minecraft:light_gray_bed":2,"minecraft:rotten_flesh":1,"minecraft:iron_helmet":12,"minecraft:iron_block":1,"minecraft:bread":1,"minecraft:emerald":1,"minecraft:mutton":1,"minecraft:cobblestone":3},"minecraft:mined":{"minecraft:dark_oak_planks":1,"farmersdelight:rich_soil":2,"minecraft:comparator":1,"minecraft:powder_snow":3,"minecraft:light_gray_bed":2,"minecraft:tall_grass":2,"minecraft:smooth_stone":7,"minecraft:beehive":1,"minecraft:tnt":1,"minecraft:grass":1,"minecraft:oak_log":2,"minecraft:dirt":1,"minecraft:cobweb":26,"minecraft:stone":3,"minecraft:iron_block":1,"minecraft:piston":1},"minecraft:used":{"minecraft:cooked_mutton":1,"minecraft:water_bucket":12,"minecraft:armor_stand":2,"minecraft:stone_pickaxe":1,"minecraft:chest":6,"minecraft:wooden_pickaxe":3,"farmersdelight:rich_soil":2,"minecraft:dirt":1,"minecraft:comparator":1,"minecraft:crafting_table":3,"minecraft:beehive":1,"minecraft:piston":1,"minecraft:lantern":1,"minecraft:iron_axe":3,"minecraft:bread":1,"minecraft:iron_pickaxe":11,"minecraft:item_frame":1,"minecraft:wooden_sword":27,"minecraft:bucket":12,"minecraft:light_gray_bed":2,"minecraft:smooth_stone":1},"minecraft:dropped":{"minecraft:tnt":1,"minecraft:rotten_flesh":1,"minecraft:item_frame":1,"minecraft:stone_pickaxe":1,"minecraft:wooden_pickaxe":1,"minecraft:string":26},"minecraft:crafted":{"minecraft:wooden_sword":1,"minecraft:oak_planks":76,"minecraft:crafting_table":3,"minecraft:wooden_pickaxe":1,"minecraft:stick":8,"minecraft:iron_ingot":9,"minecraft:iron_pickaxe":1,"minecraft:stone_pickaxe":1,"minecraft:chest":6}},"DataVersion":3465}