{"stats":{"minecraft:broken":{"minecraft:iron_pickaxe":1},"minecraft:picked_up":{"minecraft:crafting_table":12,"minecraft:iron_chestplate":1,"minecraft:wheat":42,"minecraft:flower_pot":3,"minecraft:brown_mushroom":4,"minecraft:wooden_pickaxe":1,"minecraft:brewing_stand":1,"minecraft:string":10,"minecraft:raw_copper":26,"minecraft:cobbled_deepslate":24,"minecraft:spruce_planks":8,"minecraft:iron_pickaxe":1,"minecraft:coal_block":4,"minecraft:chest":8,"minecraft:furnace":7,"minecraft:egg":1,"minecraft:stick":23,"minecraft:raw_iron":78,"minecraft:stone":1,"minecraft:torch":13,"minecraft:bowl":4,"minecraft:porkchop":6,"minecraft:redstone":92,"minecraft:dark_oak_planks":5,"minecraft:arrow":19,"minecraft:rotten_flesh":7,"minecraft:beetroot_seeds":7,"minecraft:skeleton_skull":3,"minecraft:cobblestone":32,"minecraft:tuff":1,"create:raw_zinc":23,"minecraft:oak_log":43,"minecraft:gunpowder":2,"minecraft:lapis_lazuli":77,"minecraft:blue_bed":3,"minecraft:dirt":9,"minecraft:bone":13,"minecraft:apple":1,"minecraft:bow":1,"minecraft:wheat_seeds":1,"minecraft:raw_gold":20,"minecraft:bell":1,"minecraft:iron_ingot":6,"minecraft:mossy_stone_bricks":1,"minecraft:oak_planks":2,"minecraft:book":9,"minecraft:cooked_porkchop":2,"minecraft:spruce_sapling":7,"minecraft:ink_sac":1,"minecraft:spruce_log":22,"minecraft:dark_oak_log":22,"minecraft:spider_eye":2,"create:crimsite":68,"minecraft:diamond":9,"minecraft:emerald":1,"minecraft:bread":1,"minecraft:oak_sapling":15,"minecraft:coal":98},"minecraft:custom":{"minecraft:interact_with_smithing_table":1,"minecraft:mob_kills":36,"minecraft:interact_with_crafting_table":16,"minecraft:interact_with_campfire":2,"minecraft:leave_game":5,"minecraft:time_since_death":59515,"minecraft:climb_one_cm":6198,"minecraft:sprint_one_cm":240505,"minecraft:walk_one_cm":150979,"minecraft:damage_blocked_by_shield":320,"minecraft:drop":32,"minecraft:play_time":72517,"minecraft:deaths":2,"minecraft:sneak_time":8839,"minecraft:walk_under_water_one_cm":5969,"minecraft:jump":1915,"minecraft:walk_on_water_one_cm":13999,"minecraft:total_world_time":72517,"minecraft:interact_with_furnace":33,"minecraft:sleep_in_bed":1,"minecraft:time_since_rest":40044,"minecraft:damage_taken":1922,"minecraft:damage_dealt":7090,"minecraft:swim_one_cm":4221,"minecraft:fly_one_cm":313814,"minecraft:open_chest":22,"minecraft:crouch_one_cm":29174,"minecraft:fall_one_cm":54798},"minecraft:mined":{"minecraft:dark_oak_planks":6,"create:zinc_ore":23,"minecraft:diamond_ore":2,"minecraft:tuff":1,"minecraft:spruce_planks":8,"minecraft:dark_oak_leaves":2,"minecraft:deepslate_diamond_ore":7,"minecraft:brewing_stand":1,"minecraft:grass_block":1,"minecraft:coal_block":4,"minecraft:redstone_ore":17,"minecraft:furnace":6,"minecraft:iron_ore":51,"minecraft:deepslate_lapis_ore":8,"minecraft:bell":1,"minecraft:bookshelf":3,"minecraft:deepslate_iron_ore":16,"minecraft:stone":51,"minecraft:white_wool":1,"minecraft:deepslate_redstone_ore":5,"minecraft:glass_pane":2,"minecraft:powder_snow":11,"minecraft:crafting_table":12,"minecraft:torch":6,"minecraft:chest":9,"minecraft:tall_grass":2,"minecraft:copper_ore":6,"minecraft:deepslate_gold_ore":8,"minecraft:lapis_ore":8,"minecraft:oak_planks":2,"minecraft:blue_bed":2,"minecraft:wall_torch":6,"minecraft:deepslate_copper_ore":1,"minecraft:wheat":22,"minecraft:spruce_log":22,"minecraft:grass":2,"minecraft:coal_ore":77,"minecraft:oak_log":52,"minecraft:flower_pot":1,"minecraft:dirt":9,"minecraft:cobweb":4,"minecraft:stone_bricks":7,"minecraft:gold_ore":12,"minecraft:mossy_stone_bricks":2,"create:crimsite":68,"minecraft:oak_leaves":1,"minecraft:deepslate":24,"minecraft:fern":1},"minecraft:used":{"minecraft:spruce_planks":66,"minecraft:chest":3,"minecraft:shield":12,"minecraft:iron_sword":106,"minecraft:iron_chestplate":1,"minecraft:torch":17,"minecraft:wooden_axe":54,"minecraft:dark_oak_planks":1,"minecraft:iron_axe":62,"minecraft:iron_helmet":1,"minecraft:iron_boots":1,"minecraft:bow":1,"minecraft:furnace":4,"minecraft:egg":1,"minecraft:water_bucket":14,"minecraft:stone_pickaxe":49,"minecraft:oak_planks":5,"minecraft:wooden_pickaxe":3,"minecraft:blue_bed":1,"minecraft:crafting_table":11,"minecraft:spruce_log":1,"minecraft:apple":1,"minecraft:bread":23,"minecraft:iron_pickaxe":359,"minecraft:stone_axe":20,"minecraft:cooked_porkchop":6,"minecraft:bucket":15},"minecraft:killed":{"minecraft:spider":3,"minecraft:skeleton":12,"creeperoverhaul:cave_creeper":1,"minecraft:pig":4,"minecraft:pillager":5,"minecraft:zombie":8},"minecraft:dropped":{"minecraft:iron_ingot":2,"minecraft:wheat_seeds":7,"minecraft:cobblestone":5,"create:crimsite":4,"minecraft:red_mushroom":2,"minecraft:dirt":9,"minecraft:ink_sac":1,"minecraft:wooden_axe":1,"minecraft:snowball":1,"minecraft:iron_pickaxe":1,"minecraft:dark_oak_planks":4,"minecraft:blue_bed":1,"minecraft:furnace":1,"minecraft:stone_axe":1,"minecraft:bowl":6,"minecraft:tuff":1,"minecraft:stone":1,"minecraft:gunpowder":2,"minecraft:spruce_planks":1,"minecraft:skeleton_skull":3,"minecraft:iron_chestplate":1,"minecraft:beetroot_seeds":7,"minecraft:mossy_stone_bricks":1,"minecraft:oak_sapling":1,"minecraft:spider_eye":2,"minecraft:arrow":1,"minecraft:wooden_pickaxe":1},"minecraft:killed_by":{"minecraft:player":1,"minecraft:skeleton":1},"minecraft:crafted":{"minecraft:oak_planks":52,"minecraft:furnace":1,"minecraft:stone_pickaxe":1,"minecraft:cooked_porkchop":4,"minecraft:crafting_table":2,"minecraft:spruce_planks":84,"minecraft:iron_sword":1,"minecraft:bucket":1,"minecraft:stone_axe":1,"minecraft:bread":19,"minecraft:air":0,"minecraft:shield":1,"minecraft:stick":4,"minecraft:iron_ingot":49,"minecraft:iron_pickaxe":1,"minecraft:wooden_axe":1,"minecraft:torch":20}},"DataVersion":3465}