{"stats":{"minecraft:killed":{"betternether:hydrogen_jellyfish":3,"minecraft:piglin":9,"minecraft:zombified_piglin":2,"minecraft:wither_skeleton":1,"betternether:naga":1},"minecraft:picked_up":{"minecraft:crimson_stem":7,"minecraft:quartz":4,"minecraft:gravel":2,"minecraft:flint":1,"minecraft:nether_wart_block":16,"minecraft:weeping_vines":1,"minecraft:rotten_flesh":1,"minecraft:netherrack":251,"minecraft:coal":1},"minecraft:mined":{"minecraft:magma_block":1,"minecraft:gravel":3,"minecraft:nether_quartz_ore":4,"minecraft:netherrack":277},"minecraft:used":{"minecraft:netherite_sword":25,"minecraft:flint_and_steel":5,"betternether:cincinnasite_bricks_pillar":1,"minecraft:gravel":2,"minecraft:netherrack":9,"minecraft:anvil":1,"minecraft:tnt":31,"minecraft:netherite_pickaxe":291,"minecraft:piglin_spawn_egg":23,"minecraft:piglin_head":1,"minecraft:obsidian":29},"minecraft:dropped":{"minecraft:basalt":1,"betternether:cincinnasite_bricks_pillar":1,"minecraft:flint":1},"minecraft:custom":{"minecraft:time_since_rest":13085,"minecraft:sprint_one_cm":15669,"minecraft:walk_one_cm":23365,"minecraft:damage_taken":90,"minecraft:mob_kills":16,"minecraft:interact_with_anvil":1,"minecraft:drop":3,"minecraft:damage_dealt":2384,"minecraft:fly_one_cm":96238,"minecraft:crouch_one_cm":201,"minecraft:play_time":13085,"minecraft:sneak_time":197,"minecraft:jump":127,"minecraft:leave_game":4,"minecraft:time_since_death":13085,"minecraft:total_world_time":13085,"minecraft:climb_one_cm":8,"minecraft:fall_one_cm":335}},"DataVersion":3465}