{
  "minecraft:recipes/decorations/crafting_table": {
    "criteria": {
      "unlock_right_away": "2024-05-23 18:05:44 +0000"
    },
    "done": true
  },
  "minecraft:adventure/adventuring_time": {
    "criteria": {
      "minecraft:stony_shore": "2024-05-23 18:05:45 +0000",
      "minecraft:deep_frozen_ocean": "2024-05-23 19:02:59 +0000"
    },
    "done": false
  },
  "minecraft:recipes/building_blocks/lime_concrete_powder": {
    "criteria": {
      "has_gravel": "2024-05-23 18:05:59 +0000"
    },
    "done": true
  },
  "minecraft:recipes/building_blocks/coarse_dirt": {
    "criteria": {
      "has_gravel": "2024-05-23 18:05:59 +0000"
    },
    "done": true
  },
  "minecraft:recipes/building_blocks/light_gray_concrete_powder": {
    "criteria": {
      "has_gravel": "2024-05-23 18:05:59 +0000"
    },
    "done": true
  },
  "minecraft:recipes/building_blocks/pink_concrete_powder": {
    "criteria": {
      "has_gravel": "2024-05-23 18:05:59 +0000"
    },
    "done": true
  },
  "minecraft:recipes/building_blocks/orange_concrete_powder": {
    "criteria": {
      "has_gravel": "2024-05-23 18:05:59 +0000"
    },
    "done": true
  },
  "minecraft:recipes/building_blocks/red_concrete_powder": {
    "criteria": {
      "has_gravel": "2024-05-23 18:05:59 +0000"
    },
    "done": true
  },
  "minecraft:recipes/building_blocks/magenta_concrete_powder": {
    "criteria": {
      "has_gravel": "2024-05-23 18:05:59 +0000"
    },
    "done": true
  },
  "minecraft:recipes/building_blocks/brown_concrete_powder": {
    "criteria": {
      "has_gravel": "2024-05-23 18:05:59 +0000"
    },
    "done": true
  },
  "minecraft:recipes/building_blocks/light_blue_concrete_powder": {
    "criteria": {
      "has_gravel": "2024-05-23 18:05:59 +0000"
    },
    "done": true
  },
  "minecraft:recipes/building_blocks/green_concrete_powder": {
    "criteria": {
      "has_gravel": "2024-05-23 18:05:59 +0000"
    },
    "done": true
  },
  "minecraft:recipes/building_blocks/blue_concrete_powder": {
    "criteria": {
      "has_gravel": "2024-05-23 18:05:59 +0000"
    },
    "done": true
  },
  "minecraft:recipes/building_blocks/yellow_concrete_powder": {
    "criteria": {
      "has_gravel": "2024-05-23 18:05:59 +0000"
    },
    "done": true
  },
  "minecraft:recipes/building_blocks/white_concrete_powder": {
    "criteria": {
      "has_gravel": "2024-05-23 18:05:59 +0000"
    },
    "done": true
  },
  "minecraft:recipes/building_blocks/gray_concrete_powder": {
    "criteria": {
      "has_gravel": "2024-05-23 18:05:59 +0000"
    },
    "done": true
  },
  "minecraft:recipes/building_blocks/black_concrete_powder": {
    "criteria": {
      "has_gravel": "2024-05-23 18:05:59 +0000"
    },
    "done": true
  },
  "minecraft:recipes/building_blocks/purple_concrete_powder": {
    "criteria": {
      "has_gravel": "2024-05-23 18:05:59 +0000"
    },
    "done": true
  },
  "minecraft:recipes/building_blocks/cyan_concrete_powder": {
    "criteria": {
      "has_gravel": "2024-05-23 18:05:59 +0000"
    },
    "done": true
  },
  "minecraft:recipes/decorations/fletching_table": {
    "criteria": {
      "has_flint": "2024-05-23 18:06:09 +0000"
    },
    "done": true
  },
  "minecraft:recipes/tools/flint_and_steel": {
    "criteria": {
      "has_flint": "2024-05-23 18:06:09 +0000"
    },
    "done": true
  },
  "minecraft:recipes/combat/arrow": {
    "criteria": {
      "has_flint": "2024-05-23 18:06:09 +0000"
    },
    "done": true
  },
  "betternether:root": {
    "criteria": {
      "welcome": "2024-05-23 18:13:04 +0000"
    },
    "done": true
  },
  "betternether:recipes/building_blocks/obsidian_glass_smelting": {
    "criteria": {
      "has_block.minecraft.obsidian": "2024-05-23 18:14:57 +0000"
    },
    "done": true
  },
  "betternether:recipes/building_blocks/obsidian_bricks_slab_stonecutter": {
    "criteria": {
      "has_block.minecraft.obsidian": "2024-05-23 18:14:57 +0000"
    },
    "done": true
  },
  "betternether:recipes/building_blocks/obsidian_tile_stairs_stonecutter": {
    "criteria": {
      "has_block.minecraft.obsidian": "2024-05-23 18:14:57 +0000"
    },
    "done": true
  },
  "betternether:recipes/building_blocks/obsidian_tile_slab_stonecutter": {
    "criteria": {
      "has_block.minecraft.obsidian": "2024-05-23 18:14:57 +0000"
    },
    "done": true
  },
  "betternether:recipes/building_blocks/obsidian_rod_tiles_stonecutting": {
    "criteria": {
      "has_block.minecraft.obsidian": "2024-05-23 18:14:57 +0000"
    },
    "done": true
  },
  "betternether:recipes/building_blocks/obsidian_bricks_stonecutter": {
    "criteria": {
      "has_block.minecraft.obsidian": "2024-05-23 18:14:57 +0000"
    },
    "done": true
  },
  "betternether:recipes/building_blocks/obsidian_tile": {
    "criteria": {
      "has_obsidian": "2024-05-23 18:14:57 +0000"
    },
    "done": true
  },
  "minecraft:story/form_obsidian": {
    "criteria": {
      "obsidian": "2024-05-23 18:14:57 +0000"
    },
    "done": true
  },
  "betternether:recipes/building_blocks/obsidian_tile_stonecutter": {
    "criteria": {
      "has_block.minecraft.obsidian": "2024-05-23 18:14:57 +0000"
    },
    "done": true
  },
  "betternether:recipes/building_blocks/obsidian_tile_small_stonecutter": {
    "criteria": {
      "has_block.minecraft.obsidian": "2024-05-23 18:14:57 +0000"
    },
    "done": true
  },
  "betternether:recipes/building_blocks/obsidian_bricks_stairs_stonecutter": {
    "criteria": {
      "has_block.minecraft.obsidian": "2024-05-23 18:14:57 +0000"
    },
    "done": true
  },
  "minecraft:recipes/decorations/enchanting_table": {
    "criteria": {
      "has_obsidian": "2024-05-23 18:14:57 +0000"
    },
    "done": true
  },
  "minecraft:story/enter_the_nether": {
    "criteria": {
      "entered_nether": "2024-05-23 18:15:14 +0000"
    },
    "done": true
  },
  "minecraft:nether/root": {
    "criteria": {
      "entered_nether": "2024-05-23 18:15:14 +0000"
    },
    "done": true
  },
  "betternether:enter_nether": {
    "criteria": {
      "entered_nether": "2024-05-23 18:15:14 +0000"
    },
    "done": true
  },
  "betternether:all_the_biomes": {
    "criteria": {
      "betternether:wart_forest_edge": "2024-05-23 18:26:21 +0000",
      "betternether:magma_land": "2024-05-23 18:15:22 +0000",
      "betternether:wart_forest": "2024-05-23 18:27:00 +0000"
    },
    "done": false
  },
  "betternether:recipes/building_blocks/basalt_brick_wall_stonecutting": {
    "criteria": {
      "has_block.minecraft.basalt": "2024-05-23 18:15:42 +0000"
    },
    "done": true
  },
  "minecraft:nether/explore_nether": {
    "criteria": {
      "minecraft:crimson_forest": "2024-05-23 18:27:53 +0000",
      "minecraft:basalt_deltas": "2024-05-23 18:15:42 +0000"
    },
    "done": false
  },
  "betternether:recipes/building_blocks/basalt_slab_stonecutting": {
    "criteria": {
      "has_block.minecraft.basalt": "2024-05-23 18:15:42 +0000"
    },
    "done": true
  },
  "betternether:recipes/building_blocks/basalt_brick_stairs_stonecutting": {
    "criteria": {
      "has_block.minecraft.basalt": "2024-05-23 18:15:42 +0000"
    },
    "done": true
  },
  "betternether:recipes/decorations/basalt_furnace": {
    "criteria": {
      "has_basalt": "2024-05-23 18:15:42 +0000"
    },
    "done": true
  },
  "betternether:recipes/building_blocks/basalt_basalt_slab": {
    "criteria": {
      "has_basalt": "2024-05-23 18:15:42 +0000"
    },
    "done": true
  },
  "betternether:recipes/building_blocks/basalt_brick_stonecutting": {
    "criteria": {
      "has_block.minecraft.basalt": "2024-05-23 18:15:42 +0000"
    },
    "done": true
  },
  "minecraft:recipes/building_blocks/smooth_basalt": {
    "criteria": {
      "has_basalt": "2024-05-23 18:15:42 +0000"
    },
    "done": true
  },
  "minecraft:recipes/building_blocks/polished_basalt_from_basalt_stonecutting": {
    "criteria": {
      "has_basalt": "2024-05-23 18:15:42 +0000"
    },
    "done": true
  },
  "minecraft:recipes/building_blocks/polished_basalt": {
    "criteria": {
      "has_basalt": "2024-05-23 18:15:42 +0000"
    },
    "done": true
  },
  "betternether:recipes/building_blocks/basalt_brick_slabs_stonecutting": {
    "criteria": {
      "has_block.minecraft.basalt": "2024-05-23 18:15:42 +0000"
    },
    "done": true
  },
  "minecraft:adventure/root": {
    "criteria": {
      "killed_something": "2024-05-23 18:15:49 +0000"
    },
    "done": true
  },
  "betternether:city": {
    "criteria": {
      "ncity": "2024-05-23 18:16:05 +0000"
    },
    "done": true
  },
  "minecraft:adventure/kill_all_mobs": {
    "criteria": {
      "minecraft:zombified_piglin": "2024-05-23 18:23:48 +0000",
      "minecraft:wither_skeleton": "2024-05-23 18:27:04 +0000",
      "minecraft:piglin": "2024-05-23 18:24:20 +0000"
    },
    "done": false
  },
  "minecraft:adventure/kill_a_mob": {
    "criteria": {
      "minecraft:zombified_piglin": "2024-05-23 18:23:48 +0000"
    },
    "done": true
  },
  "betternether:recipes/building_blocks/nether_brick_wall_stonecutting": {
    "criteria": {
      "has_block.betternether.nether_brick_tile_large": "2024-05-23 18:24:23 +0000"
    },
    "done": true
  },
  "betternether:recipes/decorations/bricks_fire_bowl_soul": {
    "criteria": {
      "has_nether_brick_tile_large": "2024-05-23 18:24:23 +0000"
    },
    "done": true
  },
  "betternether:recipes/building_blocks/nether_brick_tile_slab_from_large_stonecutting": {
    "criteria": {
      "has_block.betternether.nether_brick_tile_large": "2024-05-23 18:24:23 +0000"
    },
    "done": true
  },
  "betternether:recipes/building_blocks/nether_brick_tile_stairs_from_large_stonecutting": {
    "criteria": {
      "has_block.betternether.nether_brick_tile_large": "2024-05-23 18:24:23 +0000"
    },
    "done": true
  },
  "betternether:recipes/building_blocks/nether_brick_tile_small_from_large_stonecutting": {
    "criteria": {
      "has_block.betternether.nether_brick_tile_large": "2024-05-23 18:24:23 +0000"
    },
    "done": true
  },
  "betternether:recipes/building_blocks/nether_brick_wall_from_large_stonecutting": {
    "criteria": {
      "has_block.betternether.nether_brick_tile_large": "2024-05-23 18:24:23 +0000"
    },
    "done": true
  },
  "betternether:recipes/building_blocks/nether_tile_small": {
    "criteria": {
      "has_nether_brick_tile_large": "2024-05-23 18:24:23 +0000"
    },
    "done": true
  },
  "betternether:recipes/decorations/nether_brick_wall": {
    "criteria": {
      "has_nether_brick_tile_large": "2024-05-23 18:24:23 +0000"
    },
    "done": true
  },
  "betternether:recipes/decorations/bricks_fire_bowl": {
    "criteria": {
      "has_nether_brick_tile_large": "2024-05-23 18:24:23 +0000"
    },
    "done": true
  },
  "betternether:recipes/misc/farmland": {
    "criteria": {
      "has_netherrack": "2024-05-23 18:25:28 +0000"
    },
    "done": true
  },
  "betternether:recipes/decorations/cincinnasite_fire_bowl": {
    "criteria": {
      "has_netherrack": "2024-05-23 18:25:28 +0000"
    },
    "done": true
  },
  "betternether:recipes/decorations/netherrack_furnace": {
    "criteria": {
      "has_netherrack": "2024-05-23 18:25:28 +0000"
    },
    "done": true
  },
  "minecraft:recipes/misc/nether_brick": {
    "criteria": {
      "has_netherrack": "2024-05-23 18:25:28 +0000"
    },
    "done": true
  },
  "minecraft:recipes/decorations/chest": {
    "criteria": {
      "has_lots_of_items": "2024-05-23 18:25:44 +0000"
    },
    "done": true
  },
  "minecraft:recipes/building_blocks/diorite": {
    "criteria": {
      "has_quartz": "2024-05-23 18:26:35 +0000"
    },
    "done": true
  },
  "minecraft:recipes/building_blocks/granite": {
    "criteria": {
      "has_quartz": "2024-05-23 18:26:35 +0000"
    },
    "done": true
  },
  "minecraft:recipes/building_blocks/quartz_block": {
    "criteria": {
      "has_quartz": "2024-05-23 18:26:35 +0000"
    },
    "done": true
  },
  "minecraft:recipes/redstone/daylight_detector": {
    "criteria": {
      "has_quartz": "2024-05-23 18:26:35 +0000"
    },
    "done": true
  },
  "minecraft:recipes/redstone/observer": {
    "criteria": {
      "has_quartz": "2024-05-23 18:26:35 +0000"
    },
    "done": true
  },
  "minecraft:recipes/redstone/comparator": {
    "criteria": {
      "has_quartz": "2024-05-23 18:26:35 +0000"
    },
    "done": true
  },
  "betternether:recipes/building_blocks/quartz_glass_smelting": {
    "criteria": {
      "has_item.minecraft.quartz": "2024-05-23 18:26:35 +0000"
    },
    "done": true
  },
  "minecraft:recipes/building_blocks/coal_block": {
    "criteria": {
      "has_coal": "2024-05-23 18:27:23 +0000"
    },
    "done": true
  },
  "minecraft:recipes/decorations/campfire": {
    "criteria": {
      "has_coal": "2024-05-23 18:27:23 +0000"
    },
    "done": true
  },
  "minecraft:recipes/building_blocks/crimson_planks": {
    "criteria": {
      "has_logs": "2024-05-23 18:28:12 +0000"
    },
    "done": true
  },
  "betternether:nether_wood": {
    "criteria": {
      "got_crimson": "2024-05-23 18:28:12 +0000"
    },
    "done": false
  },
  "minecraft:recipes/building_blocks/crimson_hyphae": {
    "criteria": {
      "has_log": "2024-05-23 18:28:12 +0000"
    },
    "done": true
  },
  "advancednetherite:recipes/building_blocks/netherite_iron_block": {
    "criteria": {
      "has_the_recipe": "2024-05-23 19:02:07 +0000"
    },
    "done": true
  },
  "advancednetherite:recipes/netherite_gold_block": {
    "criteria": {
      "has_ingredients": "2024-05-23 19:02:07 +0000"
    },
    "done": true
  },
  "mcda:recipes/base_armors/living_vines_armor_leggings": {
    "criteria": {
      "has_weeping_vines": "2024-05-23 19:02:07 +0000"
    },
    "done": true
  },
  "advancednetherite:recipes/misc/netherite_diamond_ingot_from_block": {
    "criteria": {
      "has_the_recipe": "2024-05-23 19:02:07 +0000"
    },
    "done": true
  },
  "stoneworks:recipes/building_blocks/cracked_netherrack_bricks_from_netherrack_stonecutting": {
    "criteria": {
      "has_netherrack": "2024-05-23 19:02:07 +0000"
    },
    "done": true
  },
  "create:root": {
    "criteria": {
      "0": "2024-05-23 19:02:07 +0000"
    },
    "done": true
  },
  "mcdw:recipes/daggers/dagger_the_beginning": {
    "criteria": {
      "has_obsidian": "2024-05-23 19:02:36 +0000"
    },
    "done": true
  },
  "mcdw:recipes/hammers/hammer_stormlander": {
    "criteria": {
      "has_anvil": "2024-05-23 19:02:07 +0000"
    },
    "done": true
  },
  "beautify:progression/root": {
    "criteria": {
      "Install": "2024-05-23 19:02:08 +0000"
    },
    "done": true
  },
  "advancednetherite:recipes/building_blocks/netherite_diamond_block": {
    "criteria": {
      "has_the_recipe": "2024-05-23 19:02:07 +0000"
    },
    "done": true
  },
  "stoneworks:recipes/building_blocks/netherrack_brick_stairs_from_netherrack_stonecutting": {
    "criteria": {
      "has_netherrack": "2024-05-23 19:02:07 +0000"
    },
    "done": true
  },
  "stoneworks:recipes/building_blocks/mossy_netherrack_bricks_from_netherrack_stonecutting": {
    "criteria": {
      "has_netherrack": "2024-05-23 19:02:07 +0000"
    },
    "done": true
  },
  "mcdw:recipes/bows/bow_weeping_vine_bow": {
    "criteria": {
      "has_weeping_vines": "2024-05-23 19:02:07 +0000"
    },
    "done": true
  },
  "mcda:recipes/crafting_items/gemstone_white": {
    "criteria": {
      "has_quartz": "2024-05-23 19:02:07 +0000"
    },
    "done": true
  },
  "mcda:recipes/base_armors/living_vines_armor_chestplate": {
    "criteria": {
      "has_weeping_vines": "2024-05-23 19:02:07 +0000"
    },
    "done": true
  },
  "mcdw:recipes/double_axes/double_axe_cursed": {
    "criteria": {
      "has_rotten_flesh": "2024-05-23 19:02:07 +0000"
    },
    "done": true
  },
  "seasonsextras:recipes/season_detector": {
    "criteria": {
      "has_detector": "2024-05-23 19:02:07 +0000"
    },
    "done": true
  },
  "seasonsextras:recipes/tinted_greenhouse_glass": {
    "criteria": {
      "has_glass": "2024-05-23 19:02:07 +0000"
    },
    "done": true
  },
  "mcdw:recipes/hammers/hammer_gravity": {
    "criteria": {
      "has_anvil": "2024-05-23 19:02:07 +0000"
    },
    "done": true
  },
  "mcda:recipes/base_armors/living_vines_armor_helmet": {
    "criteria": {
      "has_weeping_vines": "2024-05-23 19:02:07 +0000"
    },
    "done": true
  },
  "stoneworks:recipes/building_blocks/cobbled_netherrack_from_netherrack_stonecutting": {
    "criteria": {
      "has_netherrack": "2024-05-23 19:02:07 +0000"
    },
    "done": true
  },
  "seasonsextras:recipes/crop_season_tester": {
    "criteria": {
      "has_iron": "2024-05-23 19:02:07 +0000"
    },
    "done": true
  },
  "stoneworks:recipes/building_blocks/polished_netherrack_from_netherrack_stonecutting": {
    "criteria": {
      "has_netherrack": "2024-05-23 19:02:07 +0000"
    },
    "done": true
  },
  "advancednetherite:recipes/building_blocks/netherite_gold_block": {
    "criteria": {
      "has_the_recipe": "2024-05-23 19:02:07 +0000"
    },
    "done": true
  },
  "betterend:root": {
    "criteria": {
      "welcome": "2024-05-23 19:02:08 +0000"
    },
    "done": true
  },
  "advancednetherite:recipes/netherite_diamond_block": {
    "criteria": {
      "has_ingredients": "2024-05-23 19:02:07 +0000"
    },
    "done": true
  },
  "stoneworks:recipes/building_blocks/polished_netherrack_slab_from_netherrack_stonecutting": {
    "criteria": {
      "has_netherrack": "2024-05-23 19:02:07 +0000"
    },
    "done": true
  },
  "stoneworks:recipes/building_blocks/cobbled_netherrack_wall_from_netherrack_stonecutting": {
    "criteria": {
      "has_netherrack": "2024-05-23 19:02:07 +0000"
    },
    "done": true
  },
  "mcda:recipes/base_armors/living_vines_armor_boots": {
    "criteria": {
      "has_weeping_vines": "2024-05-23 19:02:07 +0000"
    },
    "done": true
  },
  "mcdw:recipes/crossbows/crossbow_exploding": {
    "criteria": {
      "has_tnt": "2024-05-23 19:02:07 +0000"
    },
    "done": true
  },
  "stoneworks:recipes/building_blocks/netherrack_brick_slab_from_netherrack_stonecutting": {
    "criteria": {
      "has_netherrack": "2024-05-23 19:02:07 +0000"
    },
    "done": true
  },
  "farmersdelight:recipes/farmersdelight/cooking/dog_food": {
    "criteria": {
      "has_any_ingredient": "2024-05-23 19:02:07 +0000"
    },
    "done": true
  },
  "seasonsextras:recipes/season_calendar": {
    "criteria": {
      "has_clock": "2024-05-23 19:02:07 +0000"
    },
    "done": true
  },
  "advancednetherite:recipes/misc/netherite_gold_ingot": {
    "criteria": {
      "has_the_recipe": "2024-05-23 19:02:07 +0000"
    },
    "done": true
  },
  "advancednetherite:recipes/misc/netherite_diamond_ingot": {
    "criteria": {
      "has_the_recipe": "2024-05-23 19:02:07 +0000"
    },
    "done": true
  },
  "stoneworks:recipes/building_blocks/mossy_netherrack_brick_stairs_from_netherrack_stonecutting": {
    "criteria": {
      "has_netherrack": "2024-05-23 19:02:07 +0000"
    },
    "done": true
  },
  "betterdungeons:root": {
    "criteria": {
      "always": "2024-05-23 19:02:08 +0000"
    },
    "done": true
  },
  "exlinefurniture:recipes/misc/rotten_flesh": {
    "criteria": {
      "has_ingredient": "2024-05-23 19:02:07 +0000"
    },
    "done": true
  },
  "stoneworks:recipes/building_blocks/cobbled_netherrack_stairs_from_netherrack_stonecutting": {
    "criteria": {
      "has_netherrack": "2024-05-23 19:02:07 +0000"
    },
    "done": true
  },
  "advancednetherite:recipes/misc/netherite_gold_ingot_from_block": {
    "criteria": {
      "has_the_recipe": "2024-05-23 19:02:07 +0000"
    },
    "done": true
  },
  "stoneworks:recipes/building_blocks/mossy_cobbled_netherrack_slab_from_netherrack_stonecutting": {
    "criteria": {
      "has_netherrack": "2024-05-23 19:02:07 +0000"
    },
    "done": true
  },
  "seasonsextras:recipes/air_conditioning": {
    "criteria": {
      "has_furnace": "2024-05-23 19:02:07 +0000"
    },
    "done": true
  },
  "betterend:recipes/misc/infusion_pedestal": {
    "criteria": {
      "has_obsidian": "2024-05-23 19:02:36 +0000"
    },
    "done": true
  },
  "advancednetherite:recipes/building_blocks/netherite_emerald_block": {
    "criteria": {
      "has_the_recipe": "2024-05-23 19:02:07 +0000"
    },
    "done": true
  },
  "advancednetherite:recipes/misc/netherite_iron_ingot_from_block": {
    "criteria": {
      "has_the_recipe": "2024-05-23 19:02:07 +0000"
    },
    "done": true
  },
  "mcwfurnitures:recipes/crimson": {
    "criteria": {
      "has_wood": "2024-05-23 19:02:07 +0000"
    },
    "done": true
  },
  "mcdw:recipes/daggers/dagger_void_touched_blade": {
    "criteria": {
      "has_obsidian": "2024-05-23 19:02:36 +0000"
    },
    "done": true
  },
  "stoneworks:recipes/building_blocks/netherrack_brick_wall_from_netherrack_stonecutting": {
    "criteria": {
      "has_netherrack": "2024-05-23 19:02:07 +0000"
    },
    "done": true
  },
  "stoneworks:recipes/building_blocks/mossy_cobbled_netherrack_wall_from_netherrack_stonecutting": {
    "criteria": {
      "has_netherrack": "2024-05-23 19:02:07 +0000"
    },
    "done": true
  },
  "betterend:recipes/misc/copy_netherite_upgrade": {
    "criteria": {
      "has_netherrack": "2024-05-23 19:02:07 +0000"
    },
    "done": true
  },
  "stoneworks:recipes/building_blocks/mossy_netherrack_brick_wall_from_netherrack_stonecutting": {
    "criteria": {
      "has_netherrack": "2024-05-23 19:02:07 +0000"
    },
    "done": true
  },
  "mcda:recipes/crafting_items/glut_charm": {
    "criteria": {
      "has_rotten_flesh": "2024-05-23 19:02:07 +0000"
    },
    "done": true
  },
  "stoneworks:recipes/building_blocks/polished_netherrack_wall_from_netherrack_stonecutting": {
    "criteria": {
      "has_netherrack": "2024-05-23 19:02:07 +0000"
    },
    "done": true
  },
  "seasonsextras:recipes/greenhouse_glass": {
    "criteria": {
      "has_glass": "2024-05-23 19:02:07 +0000"
    },
    "done": true
  },
  "mcdw:recipes/swords/sword_obsidian_claymore": {
    "criteria": {
      "has_obsidian": "2024-05-23 19:02:36 +0000"
    },
    "done": true
  },
  "advancednetherite:recipes/misc/netherite_emerald_ingot": {
    "criteria": {
      "has_the_recipe": "2024-05-23 19:02:07 +0000"
    },
    "done": true
  },
  "stoneworks:recipes/building_blocks/cobbled_netherrack_slab_from_netherrack_stonecutting": {
    "criteria": {
      "has_netherrack": "2024-05-23 19:02:07 +0000"
    },
    "done": true
  },
  "betterdeserttemples:root": {
    "criteria": {
      "always": "2024-05-23 19:02:08 +0000"
    },
    "done": true
  },
  "stoneworks:recipes/building_blocks/mossy_netherrack_brick_slab_from_netherrack_stonecutting": {
    "criteria": {
      "has_netherrack": "2024-05-23 19:02:07 +0000"
    },
    "done": true
  },
  "advancednetherite:recipes/misc/netherite_emerald_ingot_from_block": {
    "criteria": {
      "has_the_recipe": "2024-05-23 19:02:07 +0000"
    },
    "done": true
  },
  "advancednetherite:recipes/netherite_iron_block": {
    "criteria": {
      "has_ingredients": "2024-05-23 19:02:07 +0000"
    },
    "done": true
  },
  "stoneworks:recipes/building_blocks/polished_netherrack_stairs_from_netherrack_stonecutting": {
    "criteria": {
      "has_netherrack": "2024-05-23 19:02:07 +0000"
    },
    "done": true
  },
  "mcdw:recipes/daggers/dagger_the_end": {
    "criteria": {
      "has_obsidian": "2024-05-23 19:02:36 +0000"
    },
    "done": true
  },
  "advancednetherite:recipes/netherite_ingots": {
    "criteria": {
      "has_ingredients": "2024-05-23 19:02:07 +0000"
    },
    "done": true
  },
  "mcdw:recipes/swords/sword_sinister": {
    "criteria": {
      "has_obsidian": "2024-05-23 19:02:36 +0000"
    },
    "done": true
  },
  "farmersdelight:main/root": {
    "criteria": {
      "seeds": "2024-05-23 19:02:07 +0000"
    },
    "done": true
  },
  "farmersdelight:recipes/farmersdelight/organic_compost_from_rotten_flesh": {
    "criteria": {
      "has_rotten_flesh": "2024-05-23 19:02:07 +0000"
    },
    "done": true
  },
  "advancednetherite:recipes/netherite_emerald_block": {
    "criteria": {
      "has_ingredients": "2024-05-23 19:02:07 +0000"
    },
    "done": true
  },
  "stoneworks:recipes/building_blocks/mossy_cobbled_netherrack_stairs_from_netherrack_stonecutting": {
    "criteria": {
      "has_netherrack": "2024-05-23 19:02:07 +0000"
    },
    "done": true
  },
  "stoneworks:recipes/building_blocks/netherrack_bricks_from_netherrack_stonecutting": {
    "criteria": {
      "has_netherrack": "2024-05-23 19:02:07 +0000"
    },
    "done": true
  },
  "mcdw:recipes/daggers/dagger_backstabber": {
    "criteria": {
      "has_obsidian": "2024-05-23 19:02:36 +0000"
    },
    "done": true
  },
  "advancednetherite:recipes/misc/netherite_iron_ingot": {
    "criteria": {
      "has_the_recipe": "2024-05-23 19:02:07 +0000"
    },
    "done": true
  },
  "stoneworks:recipes/building_blocks/mossy_cobbled_netherrack_from_netherrack_stonecutting": {
    "criteria": {
      "has_netherrack": "2024-05-23 19:02:07 +0000"
    },
    "done": true
  },
  "DataVersion": 3465
}